{
  "iteration": 7,
  "method": "5_fold_cv",
  "unified": {
    "overall_mean": 0.8728260869565216,
    "overall_std": 0.057930239283110564,
    "total_mean": 0.8104545454545455,
    "total_std": 0.13066580929611338,
    "component_mean": 0.9163461538461538,
    "component_std": 0.021414478318577016
  },
  "greedy": {
    "overall_mean": 0.5811594202898551,
    "overall_std": 0.0674185701426841
  },
  "paired_t_test": {
    "t_stat": 6.876324455355702,
    "p_value": 0.002343399588456458,
    "significant": true
  },
  "fold_results": {
    "unified_top1": [
      0.7916666666666666,
      0.8333333333333334,
      0.9130434782608695,
      0.8695652173913043,
      0.9565217391304348
    ],
    "greedy_top1": [
      0.6666666666666666,
      0.5,
      0.5652173913043478,
      0.5217391304347826,
      0.6521739130434783
    ],
    "unified_total": [
      0.625,
      0.7272727272727273,
      0.9,
      0.8,
      1.0
    ],
    "unified_comp": [
      0.875,
      0.9230769230769231,
      0.9230769230769231,
      0.9230769230769231,
      0.9375
    ]
  }
}